{"cameraMode":{"drawMode":0,"name":"Shaded","section":"Shading Mode"},"sceneLighting":false,"audioPlay":false,"sceneViewState":{"m_AlwaysRefresh":false,"showFog":true,"showSkybox":false,"showFlares":true,"showImageEffects":true,"showParticleSystems":true,"showVisualEffectGraphs":true,"m_FxEnabled":true},"in2DMode":false,"pivot":{"x":-45.86185073852539,"y":-0.743833601474762,"z":13.592855453491211},"rotation":{"x":0.11700446158647537,"y":-0.004831755068153143,"z":-0.0026903748512268068,"w":0.9926507472991943},"size":22.627471923828126,"orthographic":false}