{"cameraMode":{"drawMode":0,"name":"Shaded","section":"Shading Mode"},"sceneLighting":false,"audioPlay":false,"sceneViewState":{"m_AlwaysRefresh":false,"showFog":true,"showSkybox":false,"showFlares":true,"showImageEffects":true,"showParticleSystems":true,"showVisualEffectGraphs":true,"m_FxEnabled":true},"in2DMode":false,"pivot":{"x":3.331113338470459,"y":-27.356464385986329,"z":18.401466369628908},"rotation":{"x":-0.41059383749961855,"y":-0.002133455127477646,"z":0.004045638255774975,"w":-0.9113441705703735},"size":28.284271240234376,"orthographic":false}