{"cameraMode":{"drawMode":0,"name":"Shaded","section":"Shading Mode"},"sceneLighting":false,"audioPlay":false,"sceneViewState":{"m_AlwaysRefresh":false,"showFog":true,"showSkybox":false,"showFlares":true,"showImageEffects":true,"showParticleSystems":true,"showVisualEffectGraphs":true,"m_FxEnabled":true},"in2DMode":false,"pivot":{"x":112.69218444824219,"y":10.970636367797852,"z":95.43531036376953},"rotation":{"x":-0.26371607184410097,"y":0.12545740604400636,"z":-0.030507924035191537,"w":-0.9553697109222412},"size":0.48578941822052,"orthographic":false}