{"cameraMode":{"drawMode":0,"name":"Shaded","section":"Shading Mode"},"sceneLighting":false,"audioPlay":false,"sceneViewState":{"m_AlwaysRefresh":false,"showFog":true,"showSkybox":false,"showFlares":true,"showImageEffects":true,"showParticleSystems":true,"showVisualEffectGraphs":true,"m_FxEnabled":true},"in2DMode":false,"pivot":{"x":-55.142547607421878,"y":-3.0166327953338625,"z":-1.0670193433761597},"rotation":{"x":-0.13734355568885804,"y":0.6929774284362793,"z":-0.13073137402534486,"w":-0.6948769092559815},"size":22.627471923828126,"orthographic":false}