{"cameraMode":{"drawMode":0,"name":"Shaded","section":"Shading Mode"},"sceneLighting":true,"audioPlay":false,"sceneViewState":{"m_AlwaysRefresh":false,"showFog":true,"showSkybox":false,"showFlares":true,"showImageEffects":true,"showParticleSystems":true,"showVisualEffectGraphs":true,"m_FxEnabled":true},"in2DMode":false,"pivot":{"x":-0.3658730685710907,"y":0.8743102550506592,"z":0.15868599712848664},"rotation":{"x":-0.0963459461927414,"y":-0.8973762392997742,"z":0.27044421434402468,"w":-0.3336535692214966},"size":0.7422377467155457,"orthographic":false}