{"cameraMode":{"drawMode":0,"name":"Shaded","section":"Shading Mode"},"sceneLighting":false,"audioPlay":false,"sceneViewState":{"m_AlwaysRefresh":false,"showFog":true,"showSkybox":false,"showFlares":true,"showImageEffects":true,"showParticleSystems":true,"showVisualEffectGraphs":true,"m_FxEnabled":true},"in2DMode":false,"pivot":{"x":-32.02326965332031,"y":-0.7594051957130432,"z":0.04869306460022926},"rotation":{"x":0.36778026819229128,"y":-0.003804863430559635,"z":-0.003400508314371109,"w":0.9293462634086609},"size":22.627471923828126,"orthographic":false}